species,Anterior_flagelum_length,Posterior_flagelum_length,Cell_length,Cell_width,Ejectisome_row_length
BEAP0340,"6.26186190476191, sd=0.465330679535023, min=4.571, max=7.508, n=35","8.85125, sd=0.519458947322323, min=7.96433333333333, max=10.2015, n=20","5.39840350877193, sd=0.439017811810016, min=4.4145, max=6.39633333333333, n=38","4.7450350877193, sd=0.408002315098785, min=3.9405, max=5.635, n=38","2.20562820512821, sd=0.427529629435884, min=1.259, max=2.90333333333333, n=13"
BEAP0338,"5.47888194444444, sd=0.287381958456505, min=4.861, max=6.13, n=24","4.80278888888889, sd=0.279056477661544, min=4.388, max=5.3875, n=15","5.11842543859649, sd=0.489622129683625, min=4.189, max=6.133, n=38","3.62246052631579, sd=0.312967582760859, min=2.847, max=4.318, n=38","2.16183333333333, sd=0.228162074778324, min=1.54466666666667, max=2.468, n=24"
BEAP0342,"5.31697126436782, sd=0.303634786330831, min=4.62266666666667, max=5.814, n=29","7.63740404040404, sd=0.394272880400461, min=6.453, max=8.473, n=33","4.68007723577236, sd=0.545510072339998, min=3.66366666666667, max=5.731, n=41","3.66152032520325, sd=0.308558386774336, min=3.094, max=4.351, n=41","2.17163636363636, sd=0.221114437654219, min=1.64366666666667, max=2.626, n=33"
BEAP0335,"5.44392777777778, sd=0.363811871627934, min=4.649, max=6.187, n=30","4.66081944444444, sd=0.213591764419177, min=4.30166666666667, max=5.009, n=24","4.61340833333333, sd=0.493057502512106, min=3.57233333333333, max=5.46166666666667, n=40","3.58871666666667, sd=0.272239046750275, min=3.129, max=4.41333333333333, n=40","1.5989696969697, sd=0.452695819005935, min=0.947666666666667, max=2.481, n=11"
